{
	"class_name" : "PinholeCameraParameters",
	"extrinsic" : 
	[
		-0.035342913771980816,
		0.15710649167597915,
		0.98758567067090086,
		0.0,
		-0.1343464113867287,
		0.9778550345270739,
		-0.15645431881073954,
		0.0,
		-0.99030395343733446,
		-0.13826453530577068,
		-0.014021027457875443,
		0.0,
		3.506318164530883,
		-11.891680020412025,
		-13.462702060318808,
		1.0
	],
	"intrinsic" : 
	{
		"height" : 980,
		"intrinsic_matrix" : 
		[
			848.70489570874997,
			0.0,
			0.0,
			0.0,
			848.70489570874997,
			0.0,
			959.5,
			489.5,
			1.0
		],
		"width" : 1920
	},
	"version_major" : 1,
	"version_minor" : 0
}